{
  "clean_accuracy": {
    "Backprop MLP": 0.9762,
    "DFA v20": 0.9761,
    "Sparse Coding v9": 0.9652
  },
  "noise_robustness": {
    "Backprop MLP": {
      "0.0": 0.9762,
      "0.1": 0.9704,
      "0.2": 0.9388,
      "0.3": 0.8017,
      "0.5": 0.522,
      "0.7": 0.3447,
      "1.0": 0.2295
    },
    "DFA v20": {
      "0.0": 0.9761,
      "0.1": 0.9706,
      "0.2": 0.9231,
      "0.3": 0.7473,
      "0.5": 0.4536,
      "0.7": 0.2818,
      "1.0": 0.1918
    },
    "Sparse Coding v9": {
      "0.0": 0.9652,
      "0.1": 0.9591,
      "0.2": 0.9293,
      "0.3": 0.8279,
      "0.5": 0.5893,
      "0.7": 0.3428,
      "1.0": 0.2014
    }
  },
  "degradation": {
    "Backprop MLP": {
      "0.0": 0.9762,
      "0.1": 0.9714,
      "0.25": 0.9246,
      "0.5": 0.8757,
      "0.75": 0.7089
    },
    "DFA v20": {
      "0.0": 0.9761,
      "0.1": 0.9743,
      "0.25": 0.9581,
      "0.5": 0.9473,
      "0.75": 0.7245
    },
    "Sparse Coding v9": {
      "0.0": 0.9652,
      "0.1": 0.8744,
      "0.25": 0.7392,
      "0.5": 0.559,
      "0.75": 0.2771
    }
  },
  "occlusion": {
    "Backprop MLP": {
      "0.0": 0.9762,
      "0.1": 0.9298,
      "0.2": 0.8636,
      "0.3": 0.8011,
      "0.5": 0.6545
    },
    "DFA v20": {
      "0.0": 0.9761,
      "0.1": 0.9348,
      "0.2": 0.8693,
      "0.3": 0.8066,
      "0.5": 0.6553
    },
    "Sparse Coding v9": {
      "0.0": 0.9652,
      "0.1": 0.9338,
      "0.2": 0.8772,
      "0.3": 0.8223,
      "0.5": 0.6767
    }
  },
  "adversarial": {
    "Backprop MLP": {
      "0.0": 0.9762,
      "0.05": 0.7456,
      "0.1": 0.1775,
      "0.15": 0.0211,
      "0.2": 0.0013,
      "0.3": 0.0
    },
    "DFA v20": {
      "0.0": 0.9761,
      "0.05": 0.8983,
      "0.1": 0.574,
      "0.15": 0.2298,
      "0.2": 0.068,
      "0.3": 0.0017
    },
    "Sparse Coding v9": {
      "0.0": 0.9652,
      "0.05": 0.9495,
      "0.1": 0.9206,
      "0.15": 0.8266,
      "0.2": 0.7182,
      "0.3": 0.4029
    }
  },
  "calibration": {
    "Backprop MLP": {
      "ece": 0.011199268753182345
    },
    "DFA v20": {
      "ece": 0.00251324373702175
    },
    "Sparse Coding v9": {
      "ece": 0.47997399848530087
    }
  },
  "catastrophic_forgetting": {
    "Backprop MLP": {
      "before_04": 0.9826814555360965,
      "after_04": 0.7032496594668224,
      "forgetting": 0.27943179606927415,
      "before_59": 0.9693478708084756,
      "after_59": 0.984776794898169
    },
    "DFA v20": {
      "before_04": 0.9820976843743919,
      "after_04": 0.6705584744113641,
      "forgetting": 0.31153920996302786,
      "before_59": 0.9697593087842008,
      "after_59": 0.985805389837482
    },
    "Sparse Coding v9": {
      "before_04": 0.974508659272232,
      "after_04": 0.9778166958552248,
      "forgetting": -0.003308036582992835,
      "before_59": 0.9553589796338202,
      "after_59": 0.9539189467187822
    }
  }
}