{
  "config": {
    "encoding": "raw",
    "architecture": "product-of-experts",
    "n_atoms": 6,
    "sparsity": 0.02,
    "epochs": 80,
    "n_events_per_rule": 2000,
    "seed": 42
  },
  "training": {
    "final_loss": 0.03154535379250824,
    "loss_history": [
      0.105011509915219,
      0.06776328578958894,
      0.05831743501307164,
      0.05217483655784046,
      0.048834183111978395,
      0.047108792848386094,
      0.04603715551862475,
      0.0453405346535561,
      0.04478643866685367,
      0.04427579370780478,
      0.04381542328052208,
      0.04332402793858916,
      0.04289584083578132,
      0.04243429761516184,
      0.04194633262852807,
      0.04147155559186645,
      0.040972059824486554,
      0.0404535582696883,
      0.039943939498467446,
      0.039388956616096024,
      0.03877785157480145,
      0.038125968374837886,
      0.037467955735269856,
      0.036799430215091036,
      0.03613384003374327,
      0.03547602480948384,
      0.03488233382399683,
      0.034387314447319364,
      0.03392483142225747,
      0.03355321804542088,
      0.0332463637013603,
      0.03300494296902317,
      0.03280220268039276,
      0.03264939185832009,
      0.032537364141596664,
      0.03242564550125711,
      0.03233849891246641,
      0.032273545711695696,
      0.032202254705721474,
      0.03214696665632234,
      0.03211276917585826,
      0.03207223205276175,
      0.03203013954968098,
      0.03200140916339798,
      0.031978861201580985,
      0.031957034747331074,
      0.031934706937967385,
      0.03191230662951563,
      0.03191057073367827,
      0.031874431880495276,
      0.031873024180805676,
      0.031850778488353854,
      0.03182624671010972,
      0.03183295756610524,
      0.03180181603856292,
      0.031788994667182956,
      0.03178898225821891,
      0.0317715627364922,
      0.031755137861385806,
      0.03174081379058887,
      0.03172678832012136,
      0.03172616155288636,
      0.031734032400494536,
      0.03171117680023116,
      0.03169680016528089,
      0.03170568891415711,
      0.031681284140525526,
      0.03168430850324329,
      0.031673820655341196,
      0.03165279525148282,
      0.03164908851533376,
      0.031644419176998326,
      0.03161660943701625,
      0.031613592182123,
      0.03160363665174892,
      0.031583575446863306,
      0.03158659822465435,
      0.03156755211703852,
      0.03156517573855098,
      0.03154535379250824
    ]
  },
  "specialization": {
    "mean_score": 0.7211020834795802,
    "scores": [
      0.5362293054640117,
      0.8470349427606245,
      0.8154422459894116,
      0.5642984671960548,
      1.0,
      0.563607539467378
    ]
  },
  "composition_tests": [
    {
      "name": "T1 gravity+containment",
      "ratio": 1.6522209749668797,
      "jaccard": 1.0,
      "passed": true
    },
    {
      "name": "T2 gravity+contact",
      "ratio": 1.2935990468386134,
      "jaccard": 1.0,
      "passed": true
    },
    {
      "name": "T3 containment+contact",
      "ratio": 1.0484562066134577,
      "jaccard": 1.0,
      "passed": true
    },
    {
      "name": "T4 all three",
      "ratio": 1.3571576188611953,
      "jaccard": 1.0,
      "passed": true
    },
    {
      "name": "T5 negation",
      "ratio": 1.4607908682176605,
      "jaccard": null,
      "passed": true
    }
  ],
  "overall_pass": true,
  "elapsed_seconds": 4.58,
  "comparison": {
    "ista": {
      "tests_passed": 3,
      "mean_specialization": 0.7102198262123619,
      "final_loss": 0.02376011856459006,
      "tests": [
        {
          "name": "T1 gravity+containment",
          "ratio": 2.7188674155680626,
          "jaccard": 0.6666666666666666,
          "passed": false
        },
        {
          "name": "T2 gravity+contact",
          "ratio": 1.6733687498911511,
          "jaccard": 0.8333333333333334,
          "passed": true
        },
        {
          "name": "T3 containment+contact",
          "ratio": 1.3074237533474804,
          "jaccard": 0.6,
          "passed": false
        },
        {
          "name": "T4 all three",
          "ratio": 1.7927440810737825,
          "jaccard": 0.8333333333333334,
          "passed": true
        },
        {
          "name": "T5 negation",
          "ratio": 1.4224915929087607,
          "jaccard": null,
          "passed": true
        }
      ]
    },
    "product_of_experts": {
      "tests_passed": 5,
      "mean_specialization": 0.7211020834795802,
      "final_loss": 0.03154535379250824,
      "tests": [
        {
          "name": "T1 gravity+containment",
          "ratio": 1.6522209749668797,
          "jaccard": 1.0,
          "passed": true
        },
        {
          "name": "T2 gravity+contact",
          "ratio": 1.2935990468386134,
          "jaccard": 1.0,
          "passed": true
        },
        {
          "name": "T3 containment+contact",
          "ratio": 1.0484562066134577,
          "jaccard": 1.0,
          "passed": true
        },
        {
          "name": "T4 all three",
          "ratio": 1.3571576188611953,
          "jaccard": 1.0,
          "passed": true
        },
        {
          "name": "T5 negation",
          "ratio": 1.4607908682176605,
          "jaccard": null,
          "passed": true
        }
      ]
    }
  }
}