{
  "config": {
    "encoding": "raw",
    "architecture": "contrastive",
    "n_atoms": 10,
    "sparsity": 0.05,
    "epochs": 150,
    "n_events_per_rule": 2000,
    "seed": 42
  },
  "training": {
    "final_loss": 0.03637279086790891,
    "loss_history": [
      0.11473690285619936,
      0.06902706650449719,
      0.053409323898074276,
      0.04734657924754224,
      0.04581965793504603,
      0.04459084340965889,
      0.04409413363167772,
      0.04335700660044431,
      0.04320673281102169,
      0.042929248438070486,
      0.04209535465478792,
      0.04185300115199503,
      0.04097869137855968,
      0.04083996809777122,
      0.04036377170669911,
      0.04026070541468804,
      0.040156666760456226,
      0.03975052002234433,
      0.03979163285494242,
      0.03954760243411385,
      0.039702198713544065,
      0.039467952999804545,
      0.039250316949894684,
      0.03928548246203543,
      0.0392137880208485,
      0.03913485713788247,
      0.0390365421921368,
      0.03874232772033386,
      0.03889430420914465,
      0.038918720986403706,
      0.038939459217800114,
      0.038649977964179946,
      0.03866304115231305,
      0.03851533492270867,
      0.03846311287387181,
      0.038335327067560765,
      0.038373637426010666,
      0.03856388443719052,
      0.038448087257387936,
      0.03823095727123627,
      0.03821126958602196,
      0.038227956674970746,
      0.0381865380076029,
      0.03828891331256187,
      0.03817263172055096,
      0.03835949868800249,
      0.038335908334152624,
      0.03818973630089124,
      0.038162181215127246,
      0.03852459386464022,
      0.03827575002226025,
      0.0383258606192844,
      0.03849209640200413,
      0.038268935088517975,
      0.03821145159978574,
      0.03836850149632125,
      0.038527896975097446,
      0.03860456769963286,
      0.03888226042813092,
      0.03877428512000482,
      0.03906810353330294,
      0.03905694638016708,
      0.0390693180749944,
      0.03922791713933331,
      0.03945144683271265,
      0.03981558366971453,
      0.03990260139477747,
      0.039952767949737455,
      0.0401011437354416,
      0.040137464334291106,
      0.040322224874614405,
      0.0403352821353031,
      0.040623500007872286,
      0.040749507775459125,
      0.040293591612283366,
      0.04051948954747697,
      0.04042348034861769,
      0.04067118053744371,
      0.04064218873989792,
      0.04071121623738112,
      0.04058323786036167,
      0.040588134370513805,
      0.04057352451317219,
      0.04061437648817105,
      0.0407000053037813,
      0.040807511014758456,
      0.04075756190003021,
      0.04069588996382078,
      0.04079985966369062,
      0.040724269347713296,
      0.04067634309548488,
      0.04073983774114076,
      0.04048365981242059,
      0.040653282671846175,
      0.04047635128786219,
      0.04055666255243407,
      0.04030810317929821,
      0.04044918667192956,
      0.0405398580640874,
      0.04053096680784251,
      0.04041174162940203,
      0.040263229071749534,
      0.04027471165683313,
      0.04034943658153051,
      0.04018123649605118,
      0.04022073820527311,
      0.0401549994218795,
      0.04010019894212226,
      0.04002583644238976,
      0.03978569912618113,
      0.03982879002605319,
      0.03977276134926667,
      0.03985860077862485,
      0.03967094470811106,
      0.039855899763718484,
      0.0394805101291562,
      0.03955164889932922,
      0.039710101094798306,
      0.039613086908093585,
      0.03946318579067725,
      0.039459861145742174,
      0.03930910352615758,
      0.03899394662722527,
      0.03920204715860077,
      0.0388217798931377,
      0.03890113878305662,
      0.03884270553297867,
      0.038882344718720964,
      0.038769183218477755,
      0.03844351613283084,
      0.038645088725162216,
      0.03833129005456118,
      0.038231681491316866,
      0.03814280206754733,
      0.037979720829909205,
      0.037764948082637424,
      0.03773509468325023,
      0.03745490658740505,
      0.037375450660147067,
      0.03739736883554668,
      0.03727813162405244,
      0.03720941481901275,
      0.037126721682890176,
      0.037035855505314,
      0.03692577399072998,
      0.03692759070784199,
      0.036562245795857186,
      0.036580511172962044,
      0.03658107898061684,
      0.03637279086790891
    ]
  },
  "specialization": {
    "mean_score": 0.47148069456519837,
    "scores": [
      0.3989154430715847,
      0.5276053089181496,
      0.41331709486794915,
      0.4642382331153595,
      0.6390724770354026,
      0.5195299902352164,
      0.3864862326325157,
      0.4137285997201439,
      0.48560055921124834,
      0.46631300684441307
    ]
  },
  "composition_tests": [
    {
      "name": "T1 gravity+containment",
      "ratio": 1.1332291932338725,
      "jaccard": 0.7,
      "passed": true
    },
    {
      "name": "T2 gravity+contact",
      "ratio": 0.9706994710063628,
      "jaccard": 0.9,
      "passed": true
    },
    {
      "name": "T3 containment+contact",
      "ratio": 0.9226947701365992,
      "jaccard": 0.7777777777777778,
      "passed": true
    },
    {
      "name": "T4 all original",
      "ratio": 1.0987444765089172,
      "jaccard": 0.9,
      "passed": true
    },
    {
      "name": "T6 gravity+bounce",
      "ratio": 1.5617151064452008,
      "jaccard": 0.7,
      "passed": true
    },
    {
      "name": "T7 gravity+breakage",
      "ratio": 0.9340262803033486,
      "jaccard": 0.7,
      "passed": true
    },
    {
      "name": "T8 contact+bounce",
      "ratio": 1.4362153118854983,
      "jaccard": 0.8,
      "passed": true
    },
    {
      "name": "T9 contact+breakage",
      "ratio": 1.094725934797742,
      "jaccard": 0.9,
      "passed": true
    },
    {
      "name": "T5 negation",
      "ratio": 1.2339497011566394,
      "jaccard": null,
      "passed": true
    }
  ],
  "overall_pass": true,
  "elapsed_seconds": 16.69,
  "comparison": {
    "ista": {
      "tests_passed": 3,
      "mean_specialization": 0.7009581670773168,
      "final_loss": 0.004009898096350244,
      "tests": [
        {
          "name": "T1 gravity+containment",
          "ratio": 0.7883951173653034,
          "jaccard": 0.3333333333333333,
          "passed": false
        },
        {
          "name": "T2 gravity+contact",
          "ratio": 1.6244152241806145,
          "jaccard": 0.75,
          "passed": true
        },
        {
          "name": "T3 containment+contact",
          "ratio": 0.6266211490387843,
          "jaccard": 0.5,
          "passed": false
        },
        {
          "name": "T4 all original",
          "ratio": 1.749901117768628,
          "jaccard": 0.7777777777777778,
          "passed": true
        },
        {
          "name": "T6 gravity+bounce",
          "ratio": 3.3018316880429706,
          "jaccard": 0.4444444444444444,
          "passed": false
        },
        {
          "name": "T7 gravity+breakage",
          "ratio": 0.48335888633467206,
          "jaccard": 0.4444444444444444,
          "passed": false
        },
        {
          "name": "T8 contact+bounce",
          "ratio": 3.777264143858181,
          "jaccard": 0.7777777777777778,
          "passed": false
        },
        {
          "name": "T9 contact+breakage",
          "ratio": 1.830479999241124,
          "jaccard": 0.7777777777777778,
          "passed": true
        },
        {
          "name": "T5 negation",
          "ratio": 2.053634134636395,
          "jaccard": null,
          "passed": false
        }
      ]
    },
    "contrastive": {
      "tests_passed": 9,
      "mean_specialization": 0.47148069456519837,
      "final_loss": 0.03637279086790891,
      "tests": [
        {
          "name": "T1 gravity+containment",
          "ratio": 1.1332291932338725,
          "jaccard": 0.7,
          "passed": true
        },
        {
          "name": "T2 gravity+contact",
          "ratio": 0.9706994710063628,
          "jaccard": 0.9,