{
  "config": {
    "architecture": "product-of-experts",
    "n_atoms": 6,
    "sparsity": 0.02,
    "epochs": 80,
    "n_events_per_rule": 2000,
    "seed": 42
  },
  "training": {
    "final_loss": 0.020493240987058754,
    "loss_history": [
      0.10389120860120665,
      0.06288311034705588,
      0.051656992115919925,
      0.0451333521549929,
      0.0398267134816672,
      0.03559630721884253,
      0.03255892099434826,
      0.030596457695198177,
      0.02931380676774088,
      0.028439789568629404,
      0.027799895218481304,
      0.027240220942343605,
      0.026764170927819075,
      0.02627844482846853,
      0.025787636891978313,
      0.025278081144698837,
      0.024742330105094763,
      0.02420801416855394,
      0.023705066572639367,
      0.02321253412529387,
      0.022785352853650267,
      0.02240812309908239,
      0.022101302718059893,
      0.02184532073935455,
      0.021627377094676714,
      0.021455141125229123,
      0.021304507675324477,
      0.021209763294309753,
      0.021102128486847876,
      0.021028029847365796,
      0.020967779467074562,
      0.020913569441617732,
      0.020861794032999124,
      0.02081257973866128,
      0.020791790132211614,
      0.020745523401790946,
      0.02071366297110606,
      0.02070889289643953,
      0.020671263437017678,
      0.02065019712406903,
      0.020643552481362556,
      0.020613879138177832,
      0.02060998575586665,
      0.02059730600813485,
      0.020589722496009866,
      0.02057946984418903,
      0.02056503852681114,
      0.020561743267109137,
      0.02056837023883863,
      0.02055097071159349,
      0.02055677451878154,
      0.020542907867610108,
      0.02053119263059376,
      0.020543053692655147,
      0.02053479530027399,
      0.0205267803567929,
      0.020534833550024834,
      0.020526664461009446,
      0.02052016229725527,
      0.020518057340304322,
      0.020512519358778205,
      0.0205217883211333,
      0.020525437883399698,
      0.020512316009915103,
      0.02051362888513379,
      0.020519203942866278,
      0.02051340524282413,
      0.02052141428070386,
      0.02051433685081622,
      0.020511643381341337,
      0.02050473458001833,
      0.0205079529606456,
      0.0205005320823466,
      0.02050713046657791,
      0.02050117132755718,
      0.020491419582860066,
      0.02049671327749078,
      0.020489004930958597,
      0.020493549584368023,
      0.020493240987058754
    ]
  },
  "specialization": {
    "mean_score": 0.560500793736911,
    "scores": [
      0.4657231969391713,
      0.6306976289216097,
      0.6720843720788433,
      0.4309781613133652,
      0.50767272489423,
      0.655848678274246
    ]
  },
  "composition_tests": [
    {
      "name": "T1 gravity+containment",
      "ratio": 0.5363214353062029,
      "jaccard": 1.0,
      "passed": true
    },
    {
      "name": "T2 gravity+contact",
      "ratio": 1.8954401519107718,
      "jaccard": 1.0,
      "passed": true
    },
    {
      "name": "T3 containment+contact",
      "ratio": 0.35334146979640696,
      "jaccard": 1.0,
      "passed": true
    },
    {
      "name": "T4 all three",
      "ratio": 0.9774996065425476,
      "jaccard": 1.0,
      "passed": true
    },
    {
      "name": "T5 negation",
      "ratio": 1.2775410483435843,
      "jaccard": null,
      "passed": true
    }
  ],
  "overall_pass": true,
  "elapsed_seconds": 4.91
}